"Wavelength","I1","I1.dark","R1","R1dark","XCorrect","I1c","R1c","I1c.R1c","Abs","Percent.T"
"nm","uA","uA","uA","uA","","uA","uA","uA/uA","OD","T*100"
"","Abs Detector Raw","Dark Offset for Abs Detector","Ref Detector Raw","Dark Offset for Ref Detector","Linear interp","Dark subtracted Abs Detector","Corrected Ref Detector","Corrected Intensity ","-Log(T)","% Transmittance"
"800","0.144866387742065","2.27659601255539E-4","0.212964537723254","0.00493061253961679","1.35067892074585","0.14463872814081","0.280987037545559","0.514752315282012","1.0889914560052E-5","99.9974925359444"
"798","0.153494005925059","","0.225771458105125","","1.34199333190918","0.153266346323804","0.296366942162097","0.51715061472671","-1.4003474183271E-4","100.032249389903"
"796","0.165851377778148","","0.243668400935224","","1.33337259292603","0.165623718176892","0.318326423942475","0.520295224397777","-5.91452800964818E-5","100.013619631415"
"794","0.167427190874573","","0.245526820536868","","1.32502686977386","0.167199531273318","0.318796440362059","0.524471136137618","6.0171483388981E-5","99.9861459636928"
"792","0.157351776829444","","0.230969350845586","","1.31713449954987","0.157124117228189","0.297723420457515","0.527751955108987","5.68423704343962E-5","99.9869124170176"
"790","0.151553293194777","","0.222995251718208","","1.30966234207153","0.151325633593521","0.285591046069617","0.529868270298059","-6.48799068663845E-5","100.014940266585"
"788","0.153324582440934","","0.225782014707561","","1.30193436145782","0.153096922839679","0.287534029258587","0.532448014012262","-3.49718695632281E-5","100.008052894781"
"786","0.157461737766505","","0.23182879050127","","1.29363858699799","0.157234078165249","0.293524238330731","0.535676641422997","-2.97873870498262E-5","100.006859034559"
"784","0.162633760756092","","0.239364118954742","","1.28498160839081","0.162406101154837","0.301242744134004","0.539120374904673","-1.89436134260877E-4","100.043628796474"
"782","0.170377506147513","","0.250714536809473","","1.27644824981689","0.170149846546258","0.313730459967387","0.542344044514981","-9.6202943829614E-5","100.022154000073"
"780","0.182293674312789","","0.268157314182708","","1.268270611763","0.182066014711534","0.33384268992524","0.545364688836845","-1.83621233788097E-4","100.042289290968"
"778","0.197883361979378","","0.290837602597636","","1.26044166088104","0.197655702378122","0.360369081406229","0.548481300356933","-1.68994867712879E-4","100.038920078217"
"776","0.21748111428144","","0.319187350714336","","1.25292003154755","0.217253454680184","0.393738562307899","0.551770833435144","-1.15480475692323E-4","100.026593897736"
"774","0.256990787814363","","0.37690344240266","","1.24577045440674","0.256763128213108","0.463392761285443","0.554093955850435","-1.91470313760476E-4","100.044097389063"
"772","0.345594898178092","","0.506351922110018","","1.23883104324341","0.345367238576836","0.621176284039576","0.555989092711132","-3.86001086646324E-4","100.088919544807"
"770","0.432541946208659","","0.631635330728063","","1.23221707344055","0.432314286607404","0.772236253757553","0.559821278143633","-1.78122307844482E-4","100.041022589041"
"768","0.438519125139854","","0.637232932024055","","1.22665858268738","0.438291465538598","0.775619067048723","0.565085986354518","-4.8264025890641E-5","100.011113820194"
"766","0.374935874966674","","0.543818343469099","","1.22236526012421","0.374708215365418","0.65871764139536","0.568844967582278","-5.48211484935571E-5","100.012623832669"
"764","0.330338745323098","","0.481051865753593","","1.2186872959137","0.330111085721842","0.580242922606381","0.568918762919199","-2.18304969027707E-4","100.050279212502"
"762","0.32929853078868","","0.480138822544351","","1.214359998703","0.329070871187425","0.577073841285005","0.570240492022066","-1.96982544064826E-4","100.045367194755"
"760","0.345612811424175","","0.503903708924","","1.20898902416229","0.34538515182292","0.603252996880993","0.572537813502244","-2.33813110898834E-4","100.053851953331"
"758","0.36906500859609","","0.537680919787568","","1.2031888961792","0.368837348994834","0.640999254116792","0.575409950364203","-3.16495789993306E-4","100.072902409702"
"756","0.394910758920061","","0.574682855980048","","1.19780671596527","0.394683099318806","0.682453063629228","0.578330027884869","-2.85949293760978E-4","100.065863938889"
"754","0.419707287446468","","0.610121889346741","","1.1931779384613","0.419479627845212","0.722100880035489","0.580915547180328","-4.63632177472098E-5","100.010676095259"
"752","0.445631716664168","","0.64691378067922","","1.18890511989594","0.445404057062912","0.763257075488188","0.583557062707905","-3.54111714401133E-4","100.081570486124"
"750","0.484294590350011","","0.702603448730621","","1.1848680973053","0.484066930748755","0.826650285959226","0.585576438998088","-1.84469596219946E-4","100.042484716437"
"748","0.536832389212346","","0.777545906011732","","1.18107759952545","0.53660472961109","0.912518616170698","0.588047980722742","-2.90403867194938E-4","100.06689032316"
"746","0.592319785230863","","0.856205047237953","","1.17750906944275","0.592092125629608","1.00238336744204","0.590684307881678","-2.94138805878053E-4","100.067750903532"
"744","0.638729391979013","","0.921067994061293","","1.174187541008","0.638501732377758","1.07571709923444","0.593559154941538","-2.98828032497205E-4","100.068831375226"
"742","0.706484744491479","","1.01686394094414","","1.17108881473541","0.706257084890224","1.18506380215251","0.595965452330416","-2.02266820693277E-4","100.046584503825"
"740","0.809130904969997","","1.1617567260097","","1.16803753376007","0.808903245368742","1.35121632056685","0.598648220167588","-2.51699001559733E-4","100.057972634531"
"738","0.917287845760968","","1.31241988000974","","1.16498303413391","0.917060186159713","1.52320281391486","0.602060459567251","-3.195958970005E-4","100.073616758666"
"736","0.978989708612564","","1.39596172385316","","1.16204738616943","0.978762049011309","1.61644406698227","0.605503196184544","-2.84302807384962E-4","100.065484572408"
"734","1.00060673428302","","1.42362296947017","","1.15931880474091","1.00037907468177","1.64471672753179","0.608237915949833","-3.21759509678628E-4","100.074115316889"
"732","1.00085612393046","","1.42399092448579","","1.15665113925934","1.00062846432921","1.64135772649026","0.609634602000423","-5.1405328513955E-4","100.118435222319"
"730","1.00100521145428","","1.42634334604622","","1.15388596057892","1.00077755185303","1.64014819738137","0.610175076527138","-5.74138007171017E-4","100.132287584597"
"728","1.00767939355652","","1.43943714787378","","1.15089321136475","1.00745173395526","1.65096383317445","0.610220353536242","-7.10386451669453E-4","100.163706378215"
"726","1.02293804675483","","1.46564940973193","","1.1476241350174","1.02271038715357","1.67635614613148","0.610079421078674","-7.33644786315282E-4","100.1690707185"
"724","1.0354089085214","","1.48724879166467","","1.14410185813904","1.03518124892015","1.69592298309025","0.610394020979583","-6.64071032138943E-4","100.153024969829"
"722","1.03203351790989","","1.48454240434638","","1.14027833938599","1.03180585830863","1.68716927689734","0.61156036471106","-6.47499589175004E-4","100.149203487986"
"720","0.987968451557644","","1.42184186901342","","1.13600122928619","0.987740791956388","1.60961292914369","0.613651129456237","-4.82980018250316E-4","100.111272120562"
"718","0.904664699754279","","1.3016691491567","","1.13137769699097","0.904437040153023","1.46710105915727","0.616479031562113","-3.20837846441E-4","100.073902939023"
"716","0.77438892665423","","1.11405128186439","","1.12621939182281","0.774161267052974","1.24911320566506","0.61976869953976","-3.11681621540363E-4","100.071793104473"
"714","0.641763580809663","","0.924453939177158","","1.12039887905121","0.641535921208407","1.03023290442614","0.622709601345684","-4.3900527192856E-4","100.10113580729"
"712","0.52610217380112","","0.760987133800066","","1.11375534534454","0.525874514199864","0.842061991936426","0.624508075694701","-5.27883003266206E-4","100.121623454826"
"710","0.439289735183161","","0.639687405891201","","1.10628998279572","0.439062075581906","0.702225081996387","0.625244080336288","-6.62249598804564E-4","100.152604928398"
"708","0.375902349877363","","0.552425663075819","","1.09837675094604","0.375674690276107","0.601355834766995","0.624712804893078","-6.71582769802067E-4","100.15475727311"
"706","0.328685684416617","","0.488494131043679","","1.09038031101227","0.328458024815362","0.527268139700646","0.622943053228746","-6.08216051248878E-4","100.140145032789"
"704","0.296316417273009","","0.445670817310984","","1.0826700925827","0.296088757671754","0.477176238304736","0.620501889875465","-7.66149775301318E-4","100.176568203565"
"702","0.281060551855453","","0.427459927185997","","1.07555782794952","0.280832892254198","0.454454711906062","0.617955727813528","-6.76358782577155E-4","100.155858698641"
"700","0.278091217455697","","0.426324387944929","","1.0694442987442","0.277863557854441","0.450657170633506","0.61657414096804","-6.96255564850374E-4","100.160447347694"
"698","0.292229518485629","","0.449738953891408","","1.0649927854538","0.292001858884373","0.473717674449328","0.616404822184037","-7.540058656993E-4","100.173767066938"
"696","0.317333508558658","","0.48841503711089","","1.06259047985077","0.317105848957403","0.513745946705562","0.617242532015814","-7.1094153039867E-4","100.163834399134"
"694","0.344607637172821","","0.52951749513757","","1.06203079223633","0.344379977571565","0.55712742252229","0.618135032758662","-7.650039210261E-4","100.176303895354"
"692","0.365894035403194","","0.561159560440822","","1.06277585029602","0.365666375801938","0.591146693064965","0.618571295571391","-6.2905510339264E-4","100.144950241831"
"690","0.380470240789286","","0.582807810171215","","1.06392598152161","0.380242581188031","0.614818564689153","0.618463076794498","-6.91938545128579E-4","100.159451727222"
"688","0.389530590789704","","0.596490614987147","","1.06461536884308","0.389302931188449","0.629783870198489","0.618153226226247","-7.87953010354858E-4","100.181597574607"
"686","0.391572177085257","","0.599652731978906","","1.0645604133606","0.391344517484002","0.633117625304979","0.618122923517548","-7.60590511353543E-4","100.17528588375"
"684","0.387308897378171","","0.5933498450412","","1.06376242637634","0.387081237776916","0.62593827049239","0.618401615661591","-6.31438823369821E-4","100.145499910739"
"682","0.38456242064354","","0.589676909570037","","1.06245732307434","0.384334761042285","0.621267985420574","0.618629593124946","-7.9611633849821E-4","100.18348068152"
"680","0.389832550017013","","0.598287447255357","","1.06094348430634","0.389604890415758","0.629518067660296","0.618893897459982","-7.9833888284413E-4","100.18399338156"
"678","0.39818701470531","","0.611527530515441","","1.05921316146851","0.397959355104054","0.642515439226225","0.619377108794947","-8.00606430233325E-4","100.184516465677"
"676","0.405936163233916","","0.623742954050615","","1.05730748176575","0.405708503632661","0.654274918488559","0.620088730544476","-7.4099559920971E-4","100.170766181737"
"674","0.412744222899095","","0.634723314419337","","1.05524814128876","0.41251656329784","0.664587578055799","0.62071061349751","-7.46957891421123E-4","100.172141404089"
"672","0.418343443152601","","0.643857800771998","","1.05312037467957","0.418115783551345","0.672867239864246","0.62139417522497","-6.61522654695497E-4","100.152437288033"
"670","0.424124116347276","","0.653110141433269","","1.0509113073349","0.42389645674602","0.681179196097348","0.62229800788784","-6.37557861426752E-4","100.146910931297"
"668","0.427790138061143","","0.659097760427899","","1.0485315322876","0.427562478459887","0.685914881947508","0.623346263090131","-7.9704726828513E-4","100.183695429554"
"666","0.431482711593751","","0.665251546108876","","1.04595601558685","0.431255051992496","0.690666652684693","0.624404045448209","-8.13925217463077E-4","100.187588935568"
"664","0.435895670865669","","0.672468963987751","","1.04322910308838","0.435668011264413","0.696395435658332","0.625604346261342","-7.8761915464821E-4","100.18152056192"
"662","0.441828933476238","","0.682153200094075","","1.04042720794678","0.441601273874982","0.704600805927776","0.626739666148278","-7.86393133685336E-4","100.181237748124"
"660","0.450279089082121","","0.695427904020524","","1.03775990009308","0.450051429480866","0.716570400221767","0.628063103557699","-7.990082050238E-4","100.184147782372"
"658","0.460831106251871","","0.712141638389774","","1.03528940677643","0.460603446650616","0.732168083418159","0.629095227014361","-7.46191485707315E-4","100.171964629027"
"656","0.476310300831133","","0.736393338121971","","1.03309750556946","0.476082641229877","0.755672317216167","0.630012017621243","-7.80895700598399E-4","100.179969631239"
"654","0.495704636691137","","0.766490730274657","","1.03115320205688","0.495476977089881","0.785285153961304","0.630951667162546","-9.05450898691333E-4","100.208705261055"
"652","0.508407673139401","","0.78645607443316","","1.02945709228516","0.508180013538146","0.804546929547741","0.631635017019838","-7.26174331907772E-4","100.167347689378"
"650","0.514870951311818","","0.796490833914548","","1.02793705463409","0.514643291710562","0.813674082525658","0.63249316005384","-7.98187645038128E-4","100.183958493701"
"648","0.514356810994048","","0.796133357109335","","1.02666783332825","0.514129151392792","0.812302407490756","0.63292826249397","-7.19134911876689E-4","100.165724103657"
"646","0.51924118750041","","0.804044018393644","","1.02560043334961","0.519013527899154","0.819571055339373","0.63327459470154","-8.31232860744735E-4","100.191581723124"
"644","0.525429357336523","","0.814086050213869","","1.02465677261353","0.525201697735267","0.829106599309984","0.633454972101731","-9.28099790534039E-4","100.213931381588"
"642","0.536325046685076","","0.831419839207107","","1.02378344535828","0.53609738708382","0.846145988029141","0.633575523217345","-8.24498586875808E-4","100.190028140595"
"640","0.550880657283653","","0.854299514408653","","1.02288675308228","0.550652997682397","0.868808198201876","0.633802718277812","-7.89834907061397E-4","100.182031685182"
"638","0.566182741573095","","0.878285169525214","","1.02184903621674","0.565955081971839","0.892436512331226","0.634168452491314","-7.82144449298265E-4","100.180257684143"
"636","0.58077146984732","","0.901081931519083","","1.02063095569611","0.580543810246065","0.914639777138339","0.634723991626988","-8.14435387167326E-4","100.187706626915"
"634","0.596515798092515","","0.925843193932349","","1.01923584938049","0.596288138491259","0.938627117101004","0.635276914151942","-7.74040174436435E-4","100.178388259588"
"632","0.608761498116826","","0.94512950061798","","1.0177036523819","0.60853383851557","0.956843842362749","0.635980304803873","-7.94783884478131E-4","100.18317331018"
"630","0.623957275949173","","0.968810318699626","","1.01619136333466","0.623729616347917","0.979486232693347","0.636792632228034","-8.25638372389684E-4","100.190291084973"
"628","0.642181853207894","","0.997399429913514","","1.01451146602631","0.641954193606638","1.00687099489939","0.637573429822344","-8.45098003403057E-4","100.19478045764"
"626","0.655597896245106","","1.01867136281191","","1.01275491714478","0.655370236643851","1.0266709295483","0.638344982585792","-7.1749701186108E-4","100.165346338941"
"624","0.671735463319295","","1.04385290110241","","1.01092803478241","0.67150780371804","1.05027566746843","0.639363382888453","-7.05659227622119E-4","100.16261611867"
"622","0.683438151871167","","1.06200265994102","","1.0092089176178","0.683210492269911","1.066806536802","0.640425858579752","-8.78233550062099E-4","100.202425352103"
"620","0.689776143178849","","1.07220010252722","","1.00772297382355","0.689548483577594","1.07551198432145","0.641135099961378","-7.6999705272627E-4","100.177455640022"
"618","0.699343341321773","","1.08723009666883","","1.0068142414093","0.699115681720517","1.08967453409123","0.641582105342646","-8.41570294302011E-4","100.193966593734"
"616","0.706014120714063","","1.09807671070019","","1.00664889812469","0.705786461112807","1.10041431520265","0.641382478728323","-7.61505684291643E-4","100.175496979702"
"614","0.71413938008101","","1.11074030012713","","1.00700271129608","0.713911720479755","1.1135533535781","0.641111373950601","-7.9909718079229E-4","100.184168307529"
"612","0.723861369483081","","1.12623651893728","","1.00780045986176","0.723633709881825","1.13005260811327","0.640354001828288","-7.65826105862177E-4","100.176493544358"
"610","0.733317341735336","","1.14117675477846","","1.00835275650024","0.73308968213408","1.14573692958931","0.63984119146518","-7.86998090714734E-4","100.181377297183"
"608","0.746343298409361","","1.16151034386958","","1.0085117816925","0.746115638808105","1.16642428551302","0.639660583267048","-8.42179886283327E-4","100.194107229832"
"606","0.757678279137994","","1.17920216508795","","1.00798010826111","0.757450619536739","1.1836423666656","0.639931993707293","-8.08789898732492E-4","100.186404273589"
"604","0.775161718704364","","1.20634148535304","","1.00688087940216","0.774934059103109","1.20967763614169","0.640612040720853","-7.77980455294365E-4","100.179297165394"
"602","0.790679998671653","","1.2305208919947","","1.00539457798004","0.790452339070398","1.23220182178919","0.641495837039619","-7.56345751966268E-4","100.174306783335"
"600","0.810358944515872","","1.26084951431004","","1.00393652915955","0.810131284914616","1.26086286314927","0.642521330901241","-7.68393034407084E-4","100.177085646425"
"598","0.830614840431027","","1.29200508974707","","1.00287997722626","0.830387180829771","1.29078122239031","0.643321398255263","-7.87584933624187E-4","100.181512667935"
"596","0.848538987393097","","1.3196635063846","","1.00218975543976","0.848311327791841","1.31761183735111","0.64382491394223","-7.45568334636574E-4","100.171820896549"
"594","0.870898806334513","","1.35423806984508","","1.00178515911102","0.870671146733258","1.35171618580644","0.644122749934972","-7.7425372336857E-4","100.178437518775"
"592","0.88838220927979","","1.38114543210329","","1.00154709815979","0.888154549678534","1.37834395897849","0.644363508754924","-7.75554588959547E-4","100.178737589079"
"590","0.907043213843896","","1.40986576585083","","1.00122630596161","0.90681555424264","1.40665803366539","0.644659563689201","-6.85611921315172E-4","100.157992656054"
"588","0.92436449368191","","1.43622401769863","","1.00070452690125","0.924136834080654","1.43230178986652","0.645210974823102","-8.3021744670898E-4","100.191347467743"
"586","0.938649230258132","","1.45839956387467","","0.999973237514496","0.938421570656876","1.45343005289331","0.645659946819442","-7.36290618335398E-4","100.169680975717"
"584","0.951877132426955","","1.47835866261084","","0.999053955078125","0.9516494728257","1.4720341209467","0.64648601502095","-7.78271523585481E-4","100.179364306534"
"582","0.966565419721779","","1.50094900370709","","0.998229086399078","0.966337760120524","1.49336907185133","0.647085692569322","-7.27445980364385E-4","100.167640987692"
"580","0.981284569443238","","1.5233658233807","","0.997582137584686","0.981056909841983","1.51476384341471","0.647663273788212","-7.13997333203982E-4","100.164539178991"
"578","0.997495039959519","","1.54825035697268","","0.997147619724274","0.997267380358263","1.5389176096349","0.648031690660074","-7.64946711236761E-4","100.176290699089"
"576","1.01356062217071","","1.57297637616099","","0.996688485145569","1.01333296256946","1.56285315678271","0.648386547495932","-6.43529295713494E-4","100.148287934308"
"574","1.03491352583295","","1.60520439116893","","0.996220171451569","1.0346858662317","1.59422501811554","0.649021220012435","-7.43424026064822E-4","100.171326304117"
"572","1.05164119300244","","1.63073737904298","","0.9957315325737","1.05141353340118","1.61886706327908","0.649474905784729","-7.19972341153413E-4","100.165917248618"
"570","1.07444265317744","","1.66534067175139","","0.995352268218994","1.07421499357619","1.65269291861007","0.649978578282776","-7.56011594743674E-4","100.174229706705"
"568","1.09327763235023","","1.6941416344659","","0.995181918144226","1.09304997274897","1.68107226495096","0.650209985339837","-7.26219076349652E-4","100.167358009408"
"566","1.11714492198875","","1.72997307047995","","0.995282471179962","1.11691726238749","1.71690452042921","0.650541278852404","-7.38002617811679E-4","100.170075847829"
"564","1.14097707673971","","1.76600514431058","","0.995623111724854","1.14074941713845","1.7533665053012","0.650605229248687","-7.8162340869952E-4","100.180137493921"
"562","1.16511331321553","","1.80296896404813","","0.996170461177826","1.16488565361428","1.79115269383766","0.650355303387583","-7.22652445392065E-4","100.166535391236"
"560","1.19543585032581","","1.84878368401887","","0.99668163061142","1.19520819072456","1.83773448588982","0.650370442466744","-6.94691777311089E-4","100.160086695225"
"558","1.2252989132558","","1.89370687872462","","0.997178435325623","1.22507125365455","1.88344696179454","0.650441068161169","-6.58882274681436E-4","100.151828393145"
"556","1.25717053635843","","1.94191638933521","","0.997675478458405","1.25694287675717","1.93248321163167","0.650428872650278","-6.61326001361037E-4","100.152391937915"
"554","1.28417681981985","","1.98218649873241","","0.99818366765976","1.2839491602186","1.97366453238177","0.650540727237553","-6.8247576451714E-4","100.157269390969"
"552","1.31435055474567","","2.02725274153329","","0.998678505420685","1.31412289514442","2.01964964126258","0.650668743873268","-6.18146178458191E-4","100.142434759665"
"550","1.34410432507356","","2.0711609688969","","0.999059557914734","1.3438766654723","2.06428718637231","0.651012453278836","-6.98535200987801E-4","100.16097309689"
"548","1.37457971862854","","2.11667536996015","","0.999196529388428","1.37435205902729","2.11004803256881","0.651336859547283","-6.3813473693861E-4","100.147043957024"
"546","1.40132635701044","","2.15588935906127","","0.99907249212265","1.40109869740918","2.1489637153404","0.651988066344455","-6.03285932925815E-4","100.139008246617"
"544","1.4286087513106","","2.195811331558","","0.998806416988373","1.42838109170935","2.18826572101166","0.652745723699857","-5.81396503525937E-4","100.133961140096"
"542","1.44845392335045","","2.22389250820361","","0.998482644557953","1.44822626374919","2.21559494175591","0.653651187071875","-6.35581647796376E-4","100.146455223826"
"540","1.46916119255481","","2.25368263259629","","0.99831360578537","1.46893353295356","2.24495973765991","0.654325112522836","-5.93945301212016E-4","100.136854520109"
"538","1.49141764845953","","2.28556764223451","","0.998360693454742","1.49118998885828","2.27689836648476","0.654921629708263","-5.47492272115833E-4","100.126144249443"
"536","1.5139555664603","","2.31706604298755","","0.998661279678345","1.51372790685904","2.30904012776078","0.655565872875063","-6.24246048213473E-4","100.143841317023"
"534","1.53226641386028","","2.34275541056069","","0.999168038368225","1.53203875425902","2.3358798174873","0.65587225112764","-5.94912812223548E-4","100.137077602882"
"532","1.55251687154303","","2.37090648466695","","0.999805629253387","1.55228921194178","2.3655159956306","0.656215901650652","-5.47463469038685E-4","100.126137608924"
"530","1.57344232922309","","2.39951161150577","","1.0004802942276","1.57321466962183","2.39573110239748","0.656674143457698","-5.47480721580384E-4","100.126141586479"
"528","1.59216325047397","","2.4251130274191","","1.00102841854095","1.59193559087271","2.42267137534744","0.657099269455978","-4.67530326623923E-4","100.107710802525"
"526","1.61003270230686","","2.44908124021395","","1.0014044046402","1.60980504270561","2.44758320415719","0.657712081032168","-4.9547361477243E-4","100.114152119927"
"524","1.63910274461014","","2.48990202862506","","1.00163662433624","1.63887508500888","2.48903838077988","0.658437048485922","-4.23268713719818E-4","100.097508731937"
"522","1.66119046882608","","2.5194116598548","","1.00181710720062","1.66096280922482","2.51905012893209","0.659360760688379","-5.66729127311166E-4","100.130579384766"
"520","1.69689927300468","","2.56954773143181","","1.0020604133606","1.69667161340343","2.56990129026877","0.660208864763821","-5.30551028955926E-4","100.122238539509"
"518","1.7299124869841","","2.61582176689144","","1.00242054462433","1.72968482738284","2.6172109329002","0.660888583965272","-4.4583504244101E-4","100.10271002292"
"516","1.77241344506622","","2.67562243803921","","1.00289297103882","1.77218578546497","2.67841805960437","0.661653911386311","-3.90046928871991E-4","100.089851967115"
"514","1.81955366857171","","2.74208026248069","","1.00349617004395","1.81932600897045","2.74671919055299","0.662363307915787","-4.95054556343791E-4","100.114055518057"
"512","1.86923921524817","","2.81184104101053","","1.00418245792389","1.86901155564692","2.81865021323412","0.663087440531478","-4.16618868719784E-4","100.095976067237"
"510","1.93112128897551","","2.89995527405688","","1.00497353076935","1.93089362937426","2.90942315574934","0.66366888761389","-4.21451659762053E-4","100.097089932709"
"508","2.00400967674579","","3.00354042989298","","1.00580215454102","2.00378201714453","3.01600821492185","0.66438214830806","-3.94673265693987E-4","100.090918183365"
"506","2.08948900227093","","3.12525549288319","","1.00663805007935","2.08926134266968","3.14103775316312","0.665150025836438","-3.16586871351058E-4","100.072923397251"
"504","2.1738766636769","","3.24486752853806","","1.00742840766907","2.17364900407564","3.26400448823254","0.665945470330121","-3.45628723092661E-4","100.079615630982"
"502","2.2751710968659","","3.38836094837484","","1.00814700126648","2.27494343726464","3.41099514706632","0.666944202257585","-3.62623237738666E-4","100.08353195468"
"500","2.38379065209594","","3.54277206836331","","1.00866842269897","2.38356299249468","3.56850896100473","0.667943675787653","-3.33230879680049E-4","100.076758690024"
"498","2.56100232130971","","3.79812477730391","","1.00904226303101","2.56077466170845","3.82749322412977","0.669047470956837","-2.96539609091008E-4","100.068304084961"
"496","2.76800947380286","","4.09519622387078","","1.00876116752625","2.76778181420161","4.12610111357887","0.670798348855999","-3.97222789811495E-4","100.091505768447"
"494","2.96004498328943","","4.3677419503208","","1.00816118717194","2.95981732368818","4.39841705770466","0.672927847645437","-2.29049043067301E-4","100.052754401456"
"492","3.05540882568181","","4.49471281162986","","1.00794267654419","3.05518116608056","4.52544308685147","0.675112051449125","-1.47135615721675E-4","100.033884967199"
"490","3.09358502181833","","4.53820493792092","","1.00791668891907","3.09335736221708","4.56916284800014","0.677007466164398","-2.13345565346862E-4","100.049136699966"
"488","3.1738542841929","","4.64464987157761","","1.00887954235077","3.17362662459165","4.6809178426943","0.677992379111044","-2.46414515853926E-4","100.056755138728"
"486","3.36385849485947","","4.91062314932343","","1.00954282283783","3.36363083525821","4.95250669155921","0.679177443816685","-2.3447724133235E-4","100.054004957483"
"484","3.57791517125023","","5.20707270868575","","1.01009511947632","3.57768751164898","5.25465834213952","0.680860158491725","-2.6461240087985E-5","100.006093111319"
"482","3.6780899145023","","5.33341638493872","","1.01073944568634","3.67786225490104","5.38571075594222","0.682892643434879","-1.35589746387298E-4","100.031225567045"
"480","3.66352885499017","","5.29453342610971","","1.01162850856781","3.66330119538891","5.35111300520801","0.684586775092131","-2.50019289833924E-5","100.00575707261"
"478","3.73480330538896","","5.38265577683181","","1.0127238035202","3.73457564578771","5.4461502826683","0.685727615279463","-1.73062482052406E-5","100.003984990312"
"476","3.9774888757083","","5.71698071446076","","1.01399922370911","3.97726121610705","5.79201436913556","0.686680136240864","-9.07108891538562E-5","100.02088913559"
"474","4.41273368598087","","6.32462901525537","","1.01552999019623","4.41250602637961","6.41784325695305","0.687537206771002","2.812303134749E-5","99.9935246423853"
"472","4.9422376389432","","7.06410993271071","","1.01726651191711","4.94200997934194","7.18106672402787","0.688199980485624","3.6461495015926E-5","99.9916047829289"
"470","5.43549701197223","","7.74684269365452","","1.01911818981171","5.43526935237098","7.8899234257872","0.688887465574951","1.93207769962913E-4","99.9555221612279"
"468","5.65716847104741","","8.0328752364569","","1.02110064029694","5.65694081144616","8.19733939575028","0.690094741518067","2.32878107666518E-4","99.9463922081943"
"466","5.55274499734358","","7.84244386514752","","1.02326714992523","5.55251733774232","8.01986984849732","0.692345068266001","1.5468265090019E-4","99.9643893454885"
"464","5.34262202455037","","7.51716439867383","","1.02553856372833","5.34239436494912","7.70408544742354","0.69344952121939","1.90460770499899E-4","99.9561544018976"
"462","5.16574170299153","","7.25328444367356","","1.027627825737","5.16551404339027","7.44861008766062","0.693486970401024","2.63938214169596E-4","99.939244443925"
"460","5.03157244083233","","7.05455638050279","","1.02919805049896","5.03134478123107","7.25546109713495","0.693456241288078","1.80198738119337E-4","99.9585163140444"
"458","4.84048936054117","","6.78526370579758","","1.03004312515259","4.84026170093992","6.98403548895495","0.693046550034669","1.56381142347092E-4","99.9639983934148"
"456","4.64190221533859","","6.51671597737846","","1.03006207942963","4.64167455573734","6.7075431737053","0.692008151946525","9.79395586792558E-5","99.9774511258579"
"454","4.50752359038726","","6.34773383694039","","1.02918720245361","4.50729593078601","6.52793190623479","0.690463073991491","2.14795442716209E-4","99.9505537502452"
"452","4.33468505348023","","6.12704277336911","","1.02735614776611","4.33445739387898","6.28958956574186","0.68914789249332","2.23381108208958E-4","99.9485778247529"
"450","4.08894422194263","","5.79893145876221","","1.02460694313049","4.08871656234138","5.93657349554362","0.688733419271342","2.06510567392367E-4","99.9524604882062"
"448","3.71956369363345","","5.2959507112603","","1.02102768421173","3.7193360340322","5.4022779985145","0.688475497753896","3.22964377110763E-4","99.925662348103"
"446","3.42055045019934","","4.89027023192429","","1.01675081253052","3.42032279059809","4.96717302749689","0.688585392871182","3.66466022970534E-4","99.9156536713725"
"444","3.25898976969256","","4.67266178552818","","1.0121191740036","3.25876211009131","4.72430021927605","0.689787261358822","3.07420978745727E-4","99.9292387512949"
"442","3.19974660586679","","4.59309711299455","","1.00782012939453","3.19951894626553","4.62404655617214","0.691930521762338","4.87572522470487E-4","99.8877952744307"
"440","3.1682129390006","","4.54610403456904","","1.0045450925827","3.16798527939935","4.56181347566666","0.694457433715302","6.01149240587197E-4","99.8616760279146"
"438","3.13336502654219","","4.4892084171206","","1.00285410881042","3.13313736694094","4.49707642137143","0.696705386648833","5.93785672493739E-4","99.8633692211647"
"436","3.09818924543275","","4.42808004822423","","1.00277864933014","3.09796158583149","4.43543981690119","0.698456458371219","6.9321768389783E-4","99.8405080532898"
"434","3.07229627678621","","4.37799346395171","","1.00421047210693","3.07206861718495","4.39147551056984","0.699552715207177","8.669551186997E-4","99.8005753225167"
"432","3.08486518542739","","4.37973218464789","","1.00665414333344","3.08463752582614","4.40391212882442","0.700431215608644","9.22519077011154E-4","99.787807579621"
"430","3.09694522688303","","4.3804283150162","","1.00962591171265","3.09671756728177","4.41761585705951","0.700992949020931","8.66767710662392E-4","99.800618388765"
"428","3.09691831037923","","4.36848439416549","","1.01240730285645","3.09669065077798","4.41769371492489","0.70097450176684","9.25198995844099E-4","99.7871918167899"
"426","3.09299234603945","","4.35759506315432","","1.01423370838165","3.09276468643819","4.41461900708793","0.700573408820235","8.49626011342384E-4","99.8045576190016"
"424","3.07319197990763","","4.33540786841875","","1.01462960243225","3.07296432030638","4.39383041647455","0.699381639488037","9.14223462873312E-4","99.7897136804074"
"422","3.05423630371384","","4.32216315411621","","1.01337480545044","3.05400864411259","4.37497468690448","0.698063157543308","8.6594125057052E-4","99.8008083089923"
"420","3.42727575534825","","4.86937806892183","","1.01114857196808","3.42704809574699","4.91867909893463","0.696741549268641","9.9134527103765E-4","99.7719946436855"
"418","3.23317119069417","","4.62096655868397","","1.0079870223999","3.23294353109291","4.65290432864496","0.694822696265157","0.00107769830597934","99.7521584302137"
"416","3.03622679450846","","4.36843498010319","","1.00422537326813","3.03599913490721","4.38194180227363","0.692843326520662","0.00110735901036723","99.7453459599336"
"414","2.88089029610572","","4.17259517375682","","1","2.88066263650446","4.1676645612172","0.691193495587644","0.00123449369893089","99.7161509365521"
"412","2.76133662226703","","4.02324193949033","","0.995681941509247","2.76110896266577","4.00096002360688","0.690111609807243","0.00130279475235026","99.7004699115647"
"410","2.65731959387406","","3.89198278474137","","0.991583049297333","2.65709193427281","3.85433504568964","0.689377519799238","0.00142011208066312","99.6735411487724"
"408","2.56129790236322","","3.7670315157094","","0.988153755664825","2.56107024276196","3.71753413665726","0.688916402275415","0.00150013732616154","99.6551765019896"
"406","2.50261672583988","","3.69221528065679","","0.985654711723328","2.50238906623862","3.63438950659488","0.688530786724386","0.00163599987068523","99.6240057438083"
"404","2.47937937241711","","3.66504826416378","","0.98426741361618","2.47915171281585","3.60253453449505","0.688168757045197","0.00172436867046636","99.60373664398"
"402","2.48852301251729","","3.68117530267356","","0.984128773212433","2.48829535291604","3.61789817693024","0.68777373801806","0.00182159885993214","99.581439777259"
"400","2.52556174527945","","3.73408092990357","","0.985299050807953","2.52533408567819","3.67432826801888","0.687291363610198","0.0020266241738989","99.534439646429"
"398","2.57782789497295","","3.80464922796143","","0.987817049026489","2.57760023537169","3.753426829817","0.686732511979557","0.00205343223345228","99.5282957902587"
"396","2.60856821467433","","3.84056017752497","","0.991658091545105","2.60834055507308","3.80363309428736","0.685749779333479","0.00222014574916447","99.4900969909105"
"394","2.61360958428309","","3.83612915947627","","0.996615350246429","2.61338192468184","3.81823128171889","0.684448303902992","0.00234734801612132","99.4609612011537"
"392","2.61724834159277","","3.82788730159905","","1.0025714635849","2.61702068199152","3.832787282972","0.682798310675421","0.00242793507760429","99.4425070799876"
"390","2.63409698654498","","3.83789569999656","","1.0093150138855","2.63386932694372","3.86866921046923","0.68082050536036","0.00258847448130746","99.4057543899461"
"388","2.65244497231151","","3.84954118334846","","1.01699423789978","2.65221731271025","3.90994679748118","0.678325678093327","0.00267141161930066","99.3867727036842"
"386","2.68089433743221","","3.87520740639044","","1.02549052238464","2.68066667783095","3.96893217109924","0.67541256999827","0.00275993876562708","99.3665156406632"
"384","2.72014483776365","","3.91805810201999","","1.03449034690857","2.71991717816239","4.04809261409001","0.67190092654879","0.00287726225276708","99.3396756690421"
"382","2.75138313109586","","3.9505443201519","","1.04369103908539","2.7511554714946","4.11800167032742","0.668080222336545","0.0029624043477086","99.320202340638"
"380","2.76119806025586","","3.95315606330553","","1.0526317358017","2.7609704006546","4.15602740957616","0.664329208775881","0.00310119494959487","99.2884669425801"
"378","2.76703997917783","","3.95241984504675","","1.06117713451386","2.76681231957657","4.18898531227622","0.660497020953539","0.00324713018050293","99.2551088140429"
"376","2.76440662957898","","3.93981763562445","","1.06922745704651","2.76417896997772","4.20728924545831","0.656997607892446","0.00333593723915713","99.2348146277862"
"374","2.76709777947057","","3.93688229628071","","1.07646524906158","2.76687011986931","4.23260934853648","0.653703163233342","0.00352193671580232","99.1923234785617"
"372","2.77427461049658","","3.94108454235767","","1.08239138126373","2.77404695089532","4.26045908896243","0.651114561358432","0.00368416263551085","99.1552781981465"
"370","2.7852299205114","","3.95120630745395","","1.08660447597504","2.78500226091014","4.28804083352541","0.649481282719142","0.00382828742138982","99.1223780282425"
"368","2.79710929058112","","3.96366037234559","","1.08728444576263","2.79688163097986","4.30426529281468","0.649793040324171","0.00395870649220199","99.0926159471912"
"366","2.81381674901045","","3.98403255243997","","1.08414971828461","2.81358908940919","4.3139422471687","0.652208334790711","0.00415320322045097","99.0482477239255"
"364","2.84572503745717","","4.02617895119734","","1.07767069339752","2.84549737785591","4.3335814854449","0.65661563937658","0.00434522856089608","99.0044627575934"
"362","2.87528549876483","","4.065132198112","","1.06871128082275","2.87505783916358","4.33918323691564","0.662580417140257","0.00453457441971242","98.9613077098164"
"360","2.91561547907243","","4.11999007142796","","1.05907070636749","2.91538781947118","4.35813892786911","0.668952474375718","0.00472979904456634","98.9168324900674"
"358","2.94853103069872","","4.16415044722806","","1.04836678504944","2.94830337109746","4.36038792640618","0.676156209231468","0.0049158860977899","98.8744575586683"
"356","2.99373961206104","","4.22605193623853","","1.03684234619141","2.99351195245979","4.37663733682256","0.683975326736367","0.00507086299467106","98.839180751009"
"354","3.02326372082979","","4.26657836429925","","1.02479386329651","3.02303606122854","4.36731046353464","0.692196281091011","0.00525283516217745","98.7977751768859"
"352","3.05675030516864","","4.31310316880085","","1.01273274421692","3.05652264556739","4.36302741546245","0.700550868586145","0.00546719713839557","98.7490219429272"
"350","3.08671019274424","","4.35497094207105","","1.00126516819","3.08648253314298","4.35554386218158","0.708633096303395","0.00564446876940146","98.7087224947604"
"348","3.11450316138318","","4.39464081495941","","0.990810453891754","3.11427550178193","4.34937075811282","0.716028978668446","0.00584456745626183","98.6632534936962"
"346","3.12131816379736","","4.40591554635967","","0.981342911720276","3.1210905041961","4.31887536939204","0.722662785389765","0.00607337107296084","98.6112874553414"
"344","3.1396328609898","","4.43348888609325","","0.972720801830292","3.13940520138855","4.30775075480326","0.728780605026423","0.00625101850952673","98.5709589206993"
"342","3.15252550009844","","4.45525061696332","","0.964752793312073","3.15229784049719","4.29345865540037","0.734209431953464","0.00652127656032781","98.5096380675762"
"340","3.15849425007459","","4.46782545822167","","0.957048177719116","3.15826659047334","4.27120537941204","0.739432153203574","0.00678892269765607","98.4489474473232"
"338","3.15312750204916","","4.4662279362554","","0.950148642063141","3.15289984244791","4.23889559396847","0.743802193886108","0.00701030403734003","98.3987759466584"
"336","3.13240308806947","","4.44495703790289","","0.944044172763824","3.13217542846822","4.19158107378159","0.747253929563721","0.00727002528893609","98.3399480910779"
"334","3.10012676983907","","4.41157576362221","","0.938558220863342","3.09989911023781","4.13589303297616","0.749511432119208","0.00747344128936094","98.2938981509035"
"332","3.05174045411444","","4.35848059781875","","0.933434963226318","3.05151279451318","4.06375577041296","0.750909495282756","0.00770121833371421","98.2423588744762"
"330","2.98912318141543","","4.29029938471228","","0.928119659423828","2.98889552181417","3.9773350053344","0.751481964130622","0.00798839822887853","98.1774169848891"
"328","2.90298355773619","","4.19270066684054","","0.923022568225861","2.90275589813493","3.86540627066019","0.750957517756382","0.00822478173381866","98.1239942309792"
"326","2.82191859223979","","4.10572577705136","","0.918195605278015","2.82169093263854","3.76533209820002","0.749387002009045","0.00867676132828115","98.0219276034965"
"324","2.73154270148764","","4.00573938829073","","0.913534343242645","2.73131504188638","3.6548762173952","0.74730712599426","0.00897712117434106","97.9541586734132"
"322","2.64370041668239","","3.90913484766112","","0.908978700637817","2.64347275708113","3.54883849266541","0.744883928233013","0.00939273925666878","97.8604617762352"
"320","2.56170500685378","","3.81830754089514","","0.904343068599701","2.56147734725252","3.44860099311634","0.742758397496672","0.00983778408782689","97.760230281389"
"318","2.48615339582754","","3.73397748752117","","0.899914681911469","2.48592573622628","3.35582403233198","0.740779526064363","0.0102442151544614","97.6687849365606"
"316","2.42642372077324","","3.67214065915497","","0.895963847637177","2.42619606117198","3.28568762345921","0.738413488808062","0.0107149610083486","97.5629759327537"
"314","2.38301334497014","","3.63303179700656","","0.892610192298889","2.38278568536888","3.23848009594686","0.735772836260772","0.0111885016383544","97.456654400579"
"312","2.32607818894764","","3.57312746374983","","0.88999992609024","2.32585052934638","3.17569493385252","0.732391044414594","0.0115919364755046","97.3661647559454"
"310","2.27041708077161","","3.51683929258803","","0.888025283813477","2.27018942117036","3.118663702327","0.727936590109554","0.0121007592772054","97.2521565975043"
"308","2.20579278903765","","3.44698788905855","","0.887133359909058","2.20556512943639","3.05356383671766","0.722292130564135","0.0126141679081156","97.1372562305421"
"306","2.14725746212311","","3.38742650013639","","0.887335538864136","2.14702980252185","3.0014088111264","0.715340674206953","0.0130959299315709","97.0295618049275"
"304","2.07878513573655","","3.3125009633264","","0.888603985309601","2.0785574761353","2.93912019540101","0.707203971919121","0.0135409580900005","96.930185062876"
"302","2.00014767267187","","3.22434727715521","","0.891015827655792","1.99992001307061","2.86855120399131","0.697188186945353","0.0142248606022579","96.7776649832594"
"300","1.91727128140146","","3.12700911836446","","0.894482612609863","1.91704362180021","2.79264493866331","0.686461639021606","0.0147387901736377","96.6632092646965"
"298","1.82801956056669","","3.01916981215474","","0.900495111942291","1.82779190096543","2.71430766547827","0.673391570237994","0.0154512969777429","96.5047528920786"
"296","1.7353057914059","","2.90479187071724","","0.909423410892487","1.73507813180465","2.63720171652687","0.657923935408969","0.0161649865759214","96.3462938731006"
"294","1.6337154231595","","2.77527403676211","","0.92107892036438","1.63348776355824","2.55170493022142","0.640155428714282","0.016959975195573","96.170090515326"
"292","1.53530007931446","","2.64774503336545","","0.934718489646912","1.53507241971321","2.4702875038514","0.621414477998975","0.0177241083056612","96.0010297926299"
"290","1.42621809732846","","2.50075652076919","","0.948803901672363","1.4259904377272","2.36804935962319","0.602179355735267","0.0185468755138617","95.819328826684"
"288","1.31405805138991","","2.34589302041143","","0.962523102760315","1.31383039178865","2.25323040027004","0.58308746039961","0.0193637758419339","95.63926374701"
"286","1.19441723155547","","2.17635149276857","","0.97529125213623","1.19418957195421","2.11776778919325","0.563890705132091","0.0202203159652708","95.4508244719372"
"284","1.09161951468107","","2.03233203533623","","0.986907541751862","1.09139185507982","2.00085775431644","0.545461991351142","0.0210816792042853","95.2616985337414"
"282","0.989921057751014","","1.88478871317188","","0.996903836727142","0.989693398149758","1.8740377530229","0.528107502932286","0.0217967369663908","95.1049809760121"
"280","0.894405793240096","","1.7448816336528","","1.00535523891449","0.89417813363884","1.74926887453075","0.511172494210592","0.0226908759148323","94.909377318149"
"278","0.808216663945818","","1.61732000696524","","1.00982344150543","0.807989004344563","1.62822860732575","0.496238059391199","0.0236145341462631","94.7077383945288"
"276","0.731764874395348","","1.50178727274671","","1.01022160053253","0.731537214794092","1.51215693104219","0.483770698514677","0.0245610187933701","94.5015607508886"
"274","0.664860606779383","","1.40193056690793","","1.00653350353241","0.664632947178128","1.40612725850495","0.472669129453326","0.0256336546091118","94.2684454626335"
"272","0.613015654593967","","1.32456995778101","","0.99854451417923","0.612787994992712","1.31771862888586","0.46503705841271","0.0266285365605117","94.0527424353341"
"270","0.573779909511488","","1.26752253369255","","0.988452672958374","0.573552249910232","1.24801235931927","0.459572572040134","0.0276642499006364","93.8287109963407"
"268","0.53936359952938","","1.21765433778586","","0.972882628440857","0.539135939928124","1.17983784539015","0.45695765908394","0.0284965379130757","93.6490685333944"
"266","0.510967602023216","","1.17837427660248","","0.953488886356354","0.51073994242196","1.11886549244922","0.456480198798462","0.0294116800554571","93.4519396712188"
"264","0.483211765647306","","1.13756136020062","","0.931065678596497","0.482984106046051","1.05455361567025","0.457998625076143","0.0302178269195842","93.2786330455505"
"262","0.456382117927364","","1.09736463031974","","0.906938552856445","0.456154458326108","0.990770527176655","0.460403742152067","0.0309247155750168","93.1269295886393"
"260","0.427506966980731","","1.05113951148589","","0.883175373077393","0.427279307379476","0.923985934643762","0.462430532066715","0.0316740007607356","92.9663968811016"
"258","0.396861802613437","","0.998268955056524","","0.859192788600922","0.396634143012182","0.853469140531319","0.46473167473315","0.032317168403718","92.8288203574663"
"256","0.36496742560465","","0.940784793909267","","0.834685504436493","0.364739766003395","0.781143919455527","0.466930301726762","0.0330079967447528","92.6812757647224"
"254","0.332479123122163","","0.878876514737694","","0.80953711271286","0.332251463520907","0.707491642332667","0.469618923589602","0.0336611028145637","92.5420034159523"
"252","0.301332252824256","","0.817548562407065","","0.784095585346222","0.301104593223001","0.637170147064164","0.472565443642291","0.0343186671902836","92.4019917826246"
"250","0.27161458021351","","0.756923829678118","","0.758817315101624","0.271386920612254","0.57062547400367","0.475595522765794","0.035160397274706","92.2230758263171"
"248","0.243190756779722","","0.696403990442405","","0.735633492469788","0.242963097178467","0.508670975936509","0.477642933590127","0.036017091990458","92.0413347471311"
"246","0.215573627373474","","0.63567843526513","","0.715051770210266","0.215345967772218","0.451017347196149","0.477467150899992","0.0369214825683679","91.8498639660066"
"244","0.188944782265033","","0.574772464744338","","0.697206974029541","0.188717122663778","0.397297713451043","0.475001783988451","0.0382225353137495","91.5751133052073"
"242","0.163680181230732","","0.513912461325413","","0.681808710098267","0.163452521629476","0.347028257784075","0.471006374734989","0.0397339062746449","91.2569802761288"
"240","0.140283223926761","","0.455026789563639","","0.667849898338318","0.140055564325505","0.300596686067958","0.465925177544511","0.0417505401844918","90.8342134308145"
"238","0.117466704089952","","0.394337596080555","","0.657016694545746","0.117239044488697","0.255846889159097","0.458239085392172","0.0447700612008823","90.2048604123575"
"236","0.0985879604214916","","0.341252357645212","","0.649702370166779","0.0983603008202361","0.218509034933732","0.450142946492194","0.0482665155224652","89.481547143457"
"234","0.0800401440283199","","0.286334225845611","","0.645702123641968","0.0798124844270644","0.181702910712204","0.439247143120773","0.0533500105089481","88.4402556883574"
"232","0.0640567981067736","","0.236930296904836","","0.644411623477936","0.0638291385055181","0.149503293248159","0.426941354392565","0.0598456895193977","87.1273109637785"
"230","0.0495713443682679","","0.190588759614421","","0.644490897655487","0.0493436847670124","0.119654985865295","0.412383022823322","0.0687200711160045","85.3650165542976"
"228","0.0374824234418414","","0.150864627616779","","0.646355271339417","0.0372547638405859","0.0943252199128498","0.394960794949715","0.0804994792816725","83.0807714838321"
"226","0.0281076670477215","","0.11932828149798","","0.649210751056671","0.0278800074464659","0.0742681965835916","0.375396316713925","0.094705264000221","80.4071624063423"
"224","0.0210244103545282","","0.0950254354494597","","0.652522802352905","0.0207967507532727","0.0587889263226194","0.353752858814688","0.111942524812297","77.2782849578177"
"222","0.015928005107177","","0.076964149358299","","0.655378818511963","0.0157003455059214","0.0472092542534659","0.332569233600397","0.131656293220957","73.8488449094616"
"220","0.0121668043127272","","0.0634489947644757","","0.656985223293304","0.0119391447114717","0.0384457124127619","0.310545544930741","0.154884133135646","70.0028734077234"
"218","0.00940729933794434","","0.0533138377920343","","0.657121121883392","0.0091796397366888","0.0317936392582055","0.288725668116765","0.180936499715409","65.9270283275822"
"216","0.00746416284439648","","0.0459770896981816","","0.655903518199921","0.00723650324314094","0.0269225287780153","0.268789878648034","0.208377835420564","61.8902396810664"
"214","0.00606440360507082","","0.0405241718580319","","0.654084265232086","0.00583674400381528","0.0232811870937802","0.250706460126108","0.235599768006411","58.1299878246968"
"212","0.00506488364103186","","0.0364880503150164","","0.652615189552307","0.00483722403977633","0.0205948632355775","0.234875268868989","0.262397008748037","54.6516138698123"
"210","0.00429308446122398","","0.0331786833391042","","0.652986526489258","0.00406542485996844","0.0184456096313799","0.220400677516902","0.286496459854536","51.7015472395952"
"208","0.003623025736637","","0.0302718171340599","","0.655270755290985","0.00339536613538146","0.0166053502745841","0.20447422542952","0.312226361658751","48.7274448186823"
"206","0.00303609226920993","","0.0276028405517071","","0.661797821521759","0.00280843266795439","0.0150044311074459","0.18717355212226","0.339579776196974","45.7530682677604"
"204","0.00248777913053174","","0.0250095336868405","","0.668592393398285","0.0022601195292762","0.0134246139466778","0.168356389111325","0.372260232187428","42.4365205249418"
"202","0.00196468204666917","","0.0224449631747797","","0.687935590744019","0.00173702244541363","0.0120487451506987","0.144166253305881","0.416141859332548","38.3581930603464"
"200","0.00146662620912073","","0.0197494875118747","","0.715800225734711","0.00123896660786519","0.0106073540502767","0.116802607133951","0.475197342120823","33.4813266434622"
